{
 "Device" : "GW1NR-9C",
 "Files" : [
  {
   "Path" : "D:/GOWIN_Projects/text_gen_hdmi/text_gen/src/gowin_dpb/gowin_dpb.v",
   "Type" : "verilog"
  },
  {
   "Path" : "D:/GOWIN_Projects/text_gen_hdmi/text_gen/src/gowin_rpll/gowin_rpll.v",
   "Type" : "verilog"
  },
  {
   "Path" : "D:/GOWIN_Projects/text_gen_hdmi/text_gen/src/hdmi.v",
   "Type" : "verilog"
  },
  {
   "Path" : "D:/GOWIN_Projects/text_gen_hdmi/text_gen/src/text_gen.v",
   "Type" : "verilog"
  },
  {
   "Path" : "D:/GOWIN_Projects/text_gen_hdmi/text_gen/src/videoproc.v",
   "Type" : "verilog"
  }
 ],
 "IncludePath" : [

 ],
 "LoopLimit" : 2000,
 "ResultFile" : "D:/GOWIN_Projects/text_gen_hdmi/text_gen/impl/temp/rtl_parser.result",
 "Top" : "",
 "VerilogStd" : "verilog_2001",
 "VhdlStd" : "vhdl_93"
}