<?xml version="1.0" encoding="UTF-8"?>
<Module name="text_gen" Register="24" Lut="11" T_Register="181(24)" T_Alu="37(0)" T_Lut="179(11)" T_Bsram="8(0)">
    <SubModule name="mpl0"/>
    <SubModule name="mhd0" Register="58" Lut="79" T_Register="88(58)" T_Alu="12(0)" T_Lut="125(79)">
        <SubModule name="encode_R" Register="10" Alu="4" Lut="14" T_Register="10(10)" T_Alu="4(4)" T_Lut="14(14)"/>
        <SubModule name="encode_G" Register="10" Alu="4" Lut="16" T_Register="10(10)" T_Alu="4(4)" T_Lut="16(16)"/>
        <SubModule name="encode_B" Register="10" Alu="4" Lut="16" T_Register="10(10)" T_Alu="4(4)" T_Lut="16(16)"/>
    </SubModule>
    <SubModule name="mvp0" Register="69" Alu="25" Lut="43" T_Register="69(69)" T_Alu="25(25)" T_Lut="43(43)"/>
    <SubModule name="mvr0" Bsram="8" T_Bsram="8(8)"/>
</Module>
